{
  "name": "cbetaDL_measurement",
  "decription": "CBETA Diagnostic line, actual measurement settings",
  "template_dir": "/Users/chrisonian/Code/bmad_svn/inopt/examples/cbetaDL/template/",
  "objectives": {
    "max_stdt": "MINIMIZE",
    "max_norm_emit": "MINIMIZE"
  },
  "variables": {
    "pinhole_size": [
      0.0,
      5.0
    ],
    "sol_1_current": [
      0.0,
      4.0
    ],
    "sol_2_current": [
      0.0,
      4.0
    ],
    "A3Quad_1_current": [
      -10.0,
      10.0
    ],
    "A3Quad_2_current": [
      -10.0,
      10.0
    ],
    "A3Quad_3_current": [
      -10.0,
      10.0
    ],
    "A3Quad_4_current": [
      -10.0,
      10.0
    ]
  },
  "constraints": {
    "max_norm_emit": [
      "GREATER_THAN",
      0.0
    ],
    "max_stdt": [
      "LESS_THAN",
      5e-10
    ],
    "n_particles_lost": [
      "LESS_THAN",
      1.0
    ]
  },
  "linked_variables": {},
  "constants": {
    "total_charge": 5,
    "pinhole_size": 1,
    "Ntout": 100.0,
    "particle_count": 2000.0,
    "MTE": 120.0,
    "gun_voltage": 300.0,
    "buncher_voltage": 30,
    "cavity_1_voltage": 1500,
    "cavity_2_voltage": 0,
    "cavity_3_voltage": 1600,
    "cavity_4_voltage": 1200,
    "cavity_5_voltage": 1200,
    "phiCTB01_off": -90.0,
    "phiCTC01_off": 0,
    "phiCTC02_off": 0,
    "phiCTC03_off": 0,
    "phiCTC04_off": 0,
    "phiCTC05_off": 0,
    "B2Quad_1_current": 6.0,
    "B2Quad_2_current": 6.0
  }
}
